"","Date","timestamp","SN16315.deep","SN16321.interm","SN16333.shal"
"1",2024-06-17,2024-06-17 12:00:00,189.9,774.3,1124.5
"2",2024-06-17,2024-06-17 12:10:00,103.7,416.5,641.5
"3",2024-06-17,2024-06-17 12:20:00,104.2,415.1,621.2
"4",2024-06-17,2024-06-17 12:30:00,160.8,637.9,943.3
"5",2024-06-17,2024-06-17 12:40:00,305.2,1176.2,1720
"6",2024-06-17,2024-06-17 12:50:00,219.4,787.4,1205.5
"7",2024-06-17,2024-06-17 13:00:00,336.4,1206.9,1834.6
"8",2024-06-17,2024-06-17 13:10:00,330.3,1186.9,1838
"9",2024-06-17,2024-06-17 13:20:00,323.3,1150.7,1797.1
"10",2024-06-17,2024-06-17 13:30:00,319.8,1121.8,1821.2
"11",2024-06-17,2024-06-17 13:40:00,232.9,821.1,1381.7
"12",2024-06-17,2024-06-17 13:50:00,201.1,714.5,1238.5
"13",2024-06-17,2024-06-17 14:00:00,216.6,794.3,1383.6
"14",2024-06-17,2024-06-17 14:10:00,222.8,783.2,1393
"15",2024-06-17,2024-06-17 14:20:00,223.4,769.2,1472.6
"16",2024-06-17,2024-06-17 14:30:00,179.3,611.3,1203.3
"17",2024-06-17,2024-06-17 14:40:00,258.2,864.5,1725.8
"18",2024-06-17,2024-06-17 14:50:00,102.2,365.1,677.8
"19",2024-06-17,2024-06-17 15:00:00,81.7,310.5,522
"20",2024-06-17,2024-06-17 15:10:00,176.4,545.5,1139.5
"21",2024-06-17,2024-06-17 15:20:00,157.4,470,1037.3
"22",2024-06-17,2024-06-17 15:30:00,90.9,309,595.6
"23",2024-06-17,2024-06-17 15:40:00,150.9,412.4,1037.5
"24",2024-06-17,2024-06-17 15:50:00,89.6,305.1,553.2
"25",2024-06-17,2024-06-17 16:00:00,93.7,305,562.7
"26",2024-06-17,2024-06-17 16:10:00,63.2,218.8,387.2
"27",2024-06-17,2024-06-17 16:20:00,65.2,235.5,415
"28",2024-06-17,2024-06-17 16:30:00,54,200.8,344.5
"29",2024-06-17,2024-06-17 16:40:00,34.3,131.7,216.5
"30",2024-06-17,2024-06-17 16:50:00,41.7,151.2,254.8
"31",2024-06-17,2024-06-17 17:00:00,47.6,165.1,299.6
"32",2024-06-17,2024-06-17 17:10:00,51.1,144.6,308.3
"33",2024-06-17,2024-06-17 17:20:00,52.2,147,297.2
"34",2024-06-17,2024-06-17 17:30:00,33.6,99.5,195.3
"35",2024-06-17,2024-06-17 17:40:00,48.4,94.4,254.9
"36",2024-06-17,2024-06-17 17:50:00,46.8,105.9,235.9
"37",2024-06-17,2024-06-17 18:00:00,31.6,91.3,177.9
"38",2024-06-17,2024-06-17 18:10:00,24.8,74.3,139.1
"39",2024-06-17,2024-06-17 18:20:00,19.3,59.9,106.1
"40",2024-06-17,2024-06-17 18:30:00,12.6,40.2,69.1
"41",2024-06-17,2024-06-17 18:40:00,11.2,33.8,60.3
"42",2024-06-17,2024-06-17 18:50:00,7.7,24.7,41.6
"43",2024-06-17,2024-06-17 19:00:00,5,17.3,28.9
"44",2024-06-17,2024-06-17 19:10:00,2.9,10.2,17.6
"45",2024-06-17,2024-06-17 19:20:00,1.1,4.1,7.3
"46",2024-06-17,2024-06-17 19:30:00,0.2,0.9,1.7
"47",2024-06-17,2024-06-17 19:40:00,0,0,0.1
"48",2024-06-17,2024-06-17 19:50:00,0,0,0
"49",2024-06-17,2024-06-17 20:00:00,0,0,0
"50",2024-06-17,2024-06-17 20:10:00,0,0,0
"51",2024-06-17,2024-06-17 20:20:00,0,0,0
"52",2024-06-17,2024-06-17 20:30:00,0,0,0
"53",2024-06-17,2024-06-17 20:40:00,0,0,0
"54",2024-06-17,2024-06-17 20:50:00,0,0,0
"55",2024-06-17,2024-06-17 21:00:00,0,0,0
"56",2024-06-17,2024-06-17 21:10:00,0,0,0
"57",2024-06-17,2024-06-17 21:20:00,0,0,0
"58",2024-06-17,2024-06-17 21:30:00,0,0,0
"59",2024-06-17,2024-06-17 21:40:00,0,0,0
"60",2024-06-17,2024-06-17 21:50:00,0,0,0
"61",2024-06-17,2024-06-17 22:00:00,0,0,0
"62",2024-06-17,2024-06-17 22:10:00,0,0,0
"63",2024-06-17,2024-06-17 22:20:00,0,0,0
"64",2024-06-17,2024-06-17 22:30:00,0,0,0
"65",2024-06-17,2024-06-17 22:40:00,0,0,0
"66",2024-06-17,2024-06-17 22:50:00,0,0,0
"67",2024-06-17,2024-06-17 23:00:00,0,0,0
"68",2024-06-17,2024-06-17 23:10:00,0,0,0
"69",2024-06-17,2024-06-17 23:20:00,0,0,0
"70",2024-06-17,2024-06-17 23:30:00,0,0,0
"71",2024-06-17,2024-06-17 23:40:00,0,0,0
"72",2024-06-17,2024-06-17 23:50:00,0,0,0
"73",2024-06-17,2024-06-18,0,0,0
"74",2024-06-18,2024-06-18 00:10:00,0,0,0
"75",2024-06-18,2024-06-18 00:20:00,0,0,0
"76",2024-06-18,2024-06-18 00:30:00,0,0,0
"77",2024-06-18,2024-06-18 00:40:00,0,0,0
"78",2024-06-18,2024-06-18 00:50:00,0,0,0
"79",2024-06-18,2024-06-18 01:00:00,0,0,0
"80",2024-06-18,2024-06-18 01:10:00,0,0,0
"81",2024-06-18,2024-06-18 01:20:00,0,0,0
"82",2024-06-18,2024-06-18 01:30:00,0,0,0
"83",2024-06-18,2024-06-18 01:40:00,0,0,0
"84",2024-06-18,2024-06-18 01:50:00,0,0,0
"85",2024-06-18,2024-06-18 02:00:00,0,0,0
"86",2024-06-18,2024-06-18 02:10:00,0,0,0
"87",2024-06-18,2024-06-18 02:20:00,0,0,0
"88",2024-06-18,2024-06-18 02:30:00,0,0,0
"89",2024-06-18,2024-06-18 02:40:00,0,0,0
"90",2024-06-18,2024-06-18 02:50:00,0,0,0
"91",2024-06-18,2024-06-18 03:00:00,0,0,0
"92",2024-06-18,2024-06-18 03:10:00,0,0,0
"93",2024-06-18,2024-06-18 03:20:00,0,0,0
"94",2024-06-18,2024-06-18 03:30:00,0,0,0
"95",2024-06-18,2024-06-18 03:40:00,0,0,0
"96",2024-06-18,2024-06-18 03:50:00,0,0,0
"97",2024-06-18,2024-06-18 04:00:00,0,0,0
"98",2024-06-18,2024-06-18 04:10:00,0,0,0
"99",2024-06-18,2024-06-18 04:20:00,0,0,0
"100",2024-06-18,2024-06-18 04:30:00,0,0,0
"101",2024-06-18,2024-06-18 04:40:00,0,0,0
"102",2024-06-18,2024-06-18 04:50:00,0,0,0
"103",2024-06-18,2024-06-18 05:00:00,0,0,0
"104",2024-06-18,2024-06-18 05:10:00,0,0,0
"105",2024-06-18,2024-06-18 05:20:00,0,0,0
"106",2024-06-18,2024-06-18 05:30:00,0,0,0
"107",2024-06-18,2024-06-18 05:40:00,0,0.2,0.4
"108",2024-06-18,2024-06-18 05:50:00,0.4,2.2,3.5
"109",2024-06-18,2024-06-18 06:00:00,1.5,6,10
"110",2024-06-18,2024-06-18 06:10:00,3.9,15.2,25.3
"111",2024-06-18,2024-06-18 06:20:00,5.6,21.6,35.6
"112",2024-06-18,2024-06-18 06:30:00,6,22.8,38.5
"113",2024-06-18,2024-06-18 06:40:00,4.3,15.9,27.1
"114",2024-06-18,2024-06-18 06:50:00,12.1,47.9,77.4
"115",2024-06-18,2024-06-18 07:00:00,22.3,84.8,144.4
"116",2024-06-18,2024-06-18 07:10:00,43.3,194.4,295.6
"117",2024-06-18,2024-06-18 07:20:00,29.7,115.9,194.7
"118",2024-06-18,2024-06-18 07:30:00,73.1,336,510.5
"119",2024-06-18,2024-06-18 07:40:00,37.1,157.7,246.9
"120",2024-06-18,2024-06-18 07:50:00,82.7,351.1,550.2
"121",2024-06-18,2024-06-18 08:00:00,51.8,189.3,332.9
"122",2024-06-18,2024-06-18 08:10:00,67,279.3,449
"123",2024-06-18,2024-06-18 08:20:00,88.3,376.9,586
"124",2024-06-18,2024-06-18 08:30:00,97.5,429.1,654.5
"125",2024-06-18,2024-06-18 08:40:00,72.3,278.3,467.1
"126",2024-06-18,2024-06-18 08:50:00,67.9,264.6,446.4
"127",2024-06-18,2024-06-18 09:00:00,160.2,720,1048.5
"128",2024-06-18,2024-06-18 09:10:00,172,753.3,1067.8
"129",2024-06-18,2024-06-18 09:20:00,158,647.7,984
"130",2024-06-18,2024-06-18 09:30:00,138,536.5,848.5
"131",2024-06-18,2024-06-18 09:40:00,76.9,295.1,499.2
"132",2024-06-18,2024-06-18 09:50:00,114.5,432.4,708
"133",2024-06-18,2024-06-18 10:00:00,62.3,222,380.2
"134",2024-06-18,2024-06-18 10:10:00,139.5,549.2,845.4
"135",2024-06-18,2024-06-18 10:20:00,146.3,553.9,866.2
"136",2024-06-18,2024-06-18 10:30:00,239.2,949.9,1378.6
"137",2024-06-18,2024-06-18 10:40:00,288.2,1131.4,1632.4
"138",2024-06-18,2024-06-18 10:50:00,172,679.5,1013.4
"139",2024-06-18,2024-06-18 11:00:00,263.3,1011.6,1488.6
"140",2024-06-18,2024-06-18 11:10:00,304,1195.9,1700.9
"141",2024-06-18,2024-06-18 11:20:00,245.9,941.1,1393.8
"142",2024-06-18,2024-06-18 11:30:00,258.5,959.3,1422.8
"143",2024-06-18,2024-06-18 11:40:00,315.6,1161.6,1671.2
"144",2024-06-18,2024-06-18 11:50:00,317.2,1173.5,1709.8
"145",2024-06-18,2024-06-18 12:00:00,299.1,1088.4,1645.2
"146",2024-06-18,2024-06-18 12:10:00,323.9,1197.7,1793.3
"147",2024-06-18,2024-06-18 12:20:00,316.5,1179.2,1849
"148",2024-06-18,2024-06-18 12:30:00,203.1,741.2,1234.2
"149",2024-06-18,2024-06-18 12:40:00,231.2,846.5,1416.2
"150",2024-06-18,2024-06-18 12:50:00,245.7,922.2,1541
"151",2024-06-18,2024-06-18 13:00:00,180.9,682.9,1141.4
"152",2024-06-18,2024-06-18 13:10:00,171.5,661,1085
"153",2024-06-18,2024-06-18 13:20:00,177.6,683.4,1108.5
"154",2024-06-18,2024-06-18 13:30:00,157.4,582.6,967
"155",2024-06-18,2024-06-18 13:40:00,183.7,663,1083.5
"156",2024-06-18,2024-06-18 13:50:00,184.8,653.7,1087.9
"157",2024-06-18,2024-06-18 14:00:00,180.4,640.2,1089.6
"158",2024-06-18,2024-06-18 14:10:00,177.2,623.6,1067.5
"159",2024-06-18,2024-06-18 14:20:00,165.5,582.6,967.7
"160",2024-06-18,2024-06-18 14:30:00,202.1,670.6,1140.2
"161",2024-06-18,2024-06-18 14:40:00,145.7,510,800.5
"162",2024-06-18,2024-06-18 14:50:00,130,483.5,757.5
"163",2024-06-18,2024-06-18 15:00:00,77.8,306.8,472.6
"164",2024-06-18,2024-06-18 15:10:00,72,282.2,430.2
"165",2024-06-18,2024-06-18 15:20:00,85.6,339.6,527.4
"166",2024-06-18,2024-06-18 15:30:00,95.4,371.3,604.8
"167",2024-06-18,2024-06-18 15:40:00,77.9,317.4,506.9
"168",2024-06-18,2024-06-18 15:50:00,77.3,309.5,515.7
"169",2024-06-18,2024-06-18 16:00:00,73.7,291.8,503.9
"170",2024-06-18,2024-06-18 16:10:00,63.2,223.1,451.4
"171",2024-06-18,2024-06-18 16:20:00,72.2,228.7,514
"172",2024-06-18,2024-06-18 16:30:00,84.8,243.4,567.7
"173",2024-06-18,2024-06-18 16:40:00,70.7,189.6,451.1
"174",2024-06-18,2024-06-18 16:50:00,63.2,152.1,385
"175",2024-06-18,2024-06-18 17:00:00,44,121.1,278.4
"176",2024-06-18,2024-06-18 17:10:00,32.1,108.2,214.7
"177",2024-06-18,2024-06-18 17:20:00,27.5,105.5,179.9
"178",2024-06-18,2024-06-18 17:30:00,34.6,111.3,219.5
"179",2024-06-18,2024-06-18 17:40:00,44,119.8,259.8
"180",2024-06-18,2024-06-18 17:50:00,30.3,92.2,175.3
"181",2024-06-18,2024-06-18 18:00:00,19.9,61.6,110.8
"182",2024-06-18,2024-06-18 18:10:00,18.9,58.1,108.2
"183",2024-06-18,2024-06-18 18:20:00,19.3,61.1,105.3
"184",2024-06-18,2024-06-18 18:30:00,12.6,49.5,77.3
"185",2024-06-18,2024-06-18 18:40:00,6.4,27.3,40.2
"186",2024-06-18,2024-06-18 18:50:00,4.6,17.8,29.3
"187",2024-06-18,2024-06-18 19:00:00,2.9,11.4,19.1
"188",2024-06-18,2024-06-18 19:10:00,1.4,6,9.3
"189",2024-06-18,2024-06-18 19:20:00,0.8,3.1,5.3
"190",2024-06-18,2024-06-18 19:30:00,0.1,0.7,1.4
"191",2024-06-18,2024-06-18 19:40:00,0,0.1,0.1
"192",2024-06-18,2024-06-18 19:50:00,0,0,0
"193",2024-06-18,2024-06-18 20:00:00,0,0,0
"194",2024-06-18,2024-06-18 20:10:00,0,0,0
"195",2024-06-18,2024-06-18 20:20:00,0,0,0
"196",2024-06-18,2024-06-18 20:30:00,0,0,0
"197",2024-06-18,2024-06-18 20:40:00,0,0,0
"198",2024-06-18,2024-06-18 20:50:00,0,0,0
"199",2024-06-18,2024-06-18 21:00:00,0,0,0
"200",2024-06-18,2024-06-18 21:10:00,0,0,0
"201",2024-06-18,2024-06-18 21:20:00,0,0,0
"202",2024-06-18,2024-06-18 21:30:00,0,0,0
"203",2024-06-18,2024-06-18 21:40:00,0,0,0
"204",2024-06-18,2024-06-18 21:50:00,0,0,0
"205",2024-06-18,2024-06-18 22:00:00,0,0,0
"206",2024-06-18,2024-06-18 22:10:00,0,0,0
"207",2024-06-18,2024-06-18 22:20:00,0,0,0
"208",2024-06-18,2024-06-18 22:30:00,0,0,0
"209",2024-06-18,2024-06-18 22:40:00,0,0,0
"210",2024-06-18,2024-06-18 22:50:00,0,0,0
"211",2024-06-18,2024-06-18 23:00:00,0,0,0
"212",2024-06-18,2024-06-18 23:10:00,0,0,0
"213",2024-06-18,2024-06-18 23:20:00,0,0,0
"214",2024-06-18,2024-06-18 23:30:00,0,0,0
"215",2024-06-18,2024-06-18 23:40:00,0,0,0
"216",2024-06-18,2024-06-18 23:50:00,0,0,0
"217",2024-06-18,2024-06-19,0,0,0
"218",2024-06-19,2024-06-19 00:10:00,0,0,0
"219",2024-06-19,2024-06-19 00:20:00,0,0,0
"220",2024-06-19,2024-06-19 00:30:00,0,0,0
"221",2024-06-19,2024-06-19 00:40:00,0,0,0
"222",2024-06-19,2024-06-19 00:50:00,0,0,0
"223",2024-06-19,2024-06-19 01:00:00,0,0,0
"224",2024-06-19,2024-06-19 01:10:00,0,0,0
"225",2024-06-19,2024-06-19 01:20:00,0,0,0
"226",2024-06-19,2024-06-19 01:30:00,0,0,0
"227",2024-06-19,2024-06-19 01:40:00,0,0,0
"228",2024-06-19,2024-06-19 01:50:00,0,0,0
"229",2024-06-19,2024-06-19 02:00:00,0,0,0
"230",2024-06-19,2024-06-19 02:10:00,0,0,0
"231",2024-06-19,2024-06-19 02:20:00,0,0,0
"232",2024-06-19,2024-06-19 02:30:00,0,0,0
"233",2024-06-19,2024-06-19 02:40:00,0,0,0
"234",2024-06-19,2024-06-19 02:50:00,0,0,0
"235",2024-06-19,2024-06-19 03:00:00,0,0,0
"236",2024-06-19,2024-06-19 03:10:00,0,0,0
"237",2024-06-19,2024-06-19 03:20:00,0,0,0
"238",2024-06-19,2024-06-19 03:30:00,0,0,0
"239",2024-06-19,2024-06-19 03:40:00,0,0,0
"240",2024-06-19,2024-06-19 03:50:00,0,0,0
"241",2024-06-19,2024-06-19 04:00:00,0,0,0
"242",2024-06-19,2024-06-19 04:10:00,0,0,0
"243",2024-06-19,2024-06-19 04:20:00,0,0,0
"244",2024-06-19,2024-06-19 04:30:00,0,0,0
"245",2024-06-19,2024-06-19 04:40:00,0,0,0
"246",2024-06-19,2024-06-19 04:50:00,0,0,0
"247",2024-06-19,2024-06-19 05:00:00,0,0,0
"248",2024-06-19,2024-06-19 05:10:00,0,0,0
"249",2024-06-19,2024-06-19 05:20:00,0,0,0
"250",2024-06-19,2024-06-19 05:30:00,0,0,0
"251",2024-06-19,2024-06-19 05:40:00,0,0.3,0.6
"252",2024-06-19,2024-06-19 05:50:00,0.3,2.6,4.4
"253",2024-06-19,2024-06-19 06:00:00,1.5,7.8,12.9
"254",2024-06-19,2024-06-19 06:10:00,2.8,14.2,23.9
"255",2024-06-19,2024-06-19 06:20:00,5.3,27.9,47
"256",2024-06-19,2024-06-19 06:30:00,8.5,50,84.4
"257",2024-06-19,2024-06-19 06:40:00,12.6,73,125.5
"258",2024-06-19,2024-06-19 06:50:00,16.5,96.9,164.3
"259",2024-06-19,2024-06-19 07:00:00,13.5,81.7,144.1
"260",2024-06-19,2024-06-19 07:10:00,12.1,76.4,144.3
"261",2024-06-19,2024-06-19 07:20:00,13,84.5,156.5
"262",2024-06-19,2024-06-19 07:30:00,20.7,130.8,237.8
"263",2024-06-19,2024-06-19 07:40:00,22.6,137.5,255.2
"264",2024-06-19,2024-06-19 07:50:00,24.5,166.7,287.3
"265",2024-06-19,2024-06-19 08:00:00,23.9,149.4,269
"266",2024-06-19,2024-06-19 08:10:00,20.8,114.3,216.4
"267",2024-06-19,2024-06-19 08:20:00,33.5,200.3,356.4
"268",2024-06-19,2024-06-19 08:30:00,41.2,239.4,433.2
"269",2024-06-19,2024-06-19 08:40:00,50.5,293.8,518.9
"270",2024-06-19,2024-06-19 08:50:00,55.7,316.5,550.5
"271",2024-06-19,2024-06-19 09:00:00,80.1,450.6,765.5
"272",2024-06-19,2024-06-19 09:10:00,95.6,558.4,911
"273",2024-06-19,2024-06-19 09:20:00,71.4,384.5,645.1
"274",2024-06-19,2024-06-19 09:30:00,98.8,550.2,905.6
"275",2024-06-19,2024-06-19 09:40:00,96.3,521.4,863.5
"276",2024-06-19,2024-06-19 09:50:00,119.3,643.5,1034.8
"277",2024-06-19,2024-06-19 10:00:00,165.5,904.4,1404.6
"278",2024-06-19,2024-06-19 10:10:00,157.2,854.3,1306.4
"279",2024-06-19,2024-06-19 10:20:00,170,948.5,1465.7
"280",2024-06-19,2024-06-19 10:30:00,188.4,1032.1,1566.9
"281",2024-06-19,2024-06-19 10:40:00,127.5,689.8,1097.1
"282",2024-06-19,2024-06-19 10:50:00,155.1,858.2,1350.6
"283",2024-06-19,2024-06-19 11:00:00,203.6,1124.9,1707.7
"284",2024-06-19,2024-06-19 11:10:00,194.4,1109.6,1650.1
"285",2024-06-19,2024-06-19 11:20:00,204.3,1132.9,1720.8
"286",2024-06-19,2024-06-19 11:30:00,227.1,1225.6,1868.1
"287",2024-06-19,2024-06-19 11:40:00,225.5,1155.2,1810.1
"288",2024-06-19,2024-06-19 11:50:00,172.3,815.2,1296.9
"289",2024-06-19,2024-06-19 12:00:00,201.4,906.6,1478.5
"290",2024-06-19,2024-06-19 12:10:00,188.4,849.8,1393.9
"291",2024-06-19,2024-06-19 12:20:00,165.3,757.8,1263
"292",2024-06-19,2024-06-19 12:30:00,214,1003.9,1578.5
"293",2024-06-19,2024-06-19 12:40:00,141.4,587.1,946.7
"294",2024-06-19,2024-06-19 12:50:00,264.4,1079,1729.6
"295",2024-06-19,2024-06-19 13:00:00,215.5,916.5,1531.7
"296",2024-06-19,2024-06-19 13:10:00,127.9,570.1,944.4
"297",2024-06-19,2024-06-19 13:20:00,162,741,1218.7
"298",2024-06-19,2024-06-19 13:30:00,242.2,1073,1762.1
"299",2024-06-19,2024-06-19 13:40:00,217.7,907.2,1523.1
"300",2024-06-19,2024-06-19 13:50:00,206.5,819.7,1466.7
"301",2024-06-19,2024-06-19 14:00:00,109.1,428.8,750.5
"302",2024-06-19,2024-06-19 14:10:00,154.6,586.6,1039.2
"303",2024-06-19,2024-06-19 14:20:00,167.6,620.9,1170.6
"304",2024-06-19,2024-06-19 14:30:00,102.6,386,731
"305",2024-06-19,2024-06-19 14:40:00,53.1,211.3,365.1
"306",2024-06-19,2024-06-19 14:50:00,74.5,302.6,504.1
"307",2024-06-19,2024-06-19 15:00:00,45,185.9,305.9
"308",2024-06-19,2024-06-19 15:10:00,99.9,358.4,685.4
"309",2024-06-19,2024-06-19 15:20:00,124.7,459.7,836.2
"310",2024-06-19,2024-06-19 15:30:00,99,376,666.4
"311",2024-06-19,2024-06-19 15:40:00,72.9,289.3,474.7
"312",2024-06-19,2024-06-19 15:50:00,84.4,300.8,551.9
"313",2024-06-19,2024-06-19 16:00:00,138.9,298,932.6
"314",2024-06-19,2024-06-19 16:10:00,53.3,170,327.6
"315",2024-06-19,2024-06-19 16:20:00,74.8,207.2,466.1
"316",2024-06-19,2024-06-19 16:30:00,80.7,211,493.6
"317",2024-06-19,2024-06-19 16:40:00,87.3,183.9,553.1
"318",2024-06-19,2024-06-19 16:50:00,85.3,193.3,518.8
"319",2024-06-19,2024-06-19 17:00:00,70.3,216.1,403.5
"320",2024-06-19,2024-06-19 17:10:00,47.7,176.4,273
"321",2024-06-19,2024-06-19 17:20:00,43.2,174,272.4
"322",2024-06-19,2024-06-19 17:30:00,33.1,130.1,213.3
"323",2024-06-19,2024-06-19 17:40:00,15.7,63.3,101.6
"324",2024-06-19,2024-06-19 17:50:00,25.4,93.5,165.7
"325",2024-06-19,2024-06-19 18:00:00,22.4,70.9,142.3
"326",2024-06-19,2024-06-19 18:10:00,25.4,78.4,152.3
"327",2024-06-19,2024-06-19 18:20:00,23.3,76.3,134.8
"328",2024-06-19,2024-06-19 18:30:00,11.2,44.9,70.1
"329",2024-06-19,2024-06-19 18:40:00,7.6,29.9,48.5
"330",2024-06-19,2024-06-19 18:50:00,5.5,21.1,33.6
"331",2024-06-19,2024-06-19 19:00:00,2.6,10.6,15.4
"332",2024-06-19,2024-06-19 19:10:00,1.5,5.7,8.7
"333",2024-06-19,2024-06-19 19:20:00,0.9,3.2,5.4
"334",2024-06-19,2024-06-19 19:30:00,0.1,0.8,1.5
"335",2024-06-19,2024-06-19 19:40:00,0,0.1,0
"336",2024-06-19,2024-06-19 19:50:00,0,0,0
"337",2024-06-19,2024-06-19 20:00:00,0,0,0
"338",2024-06-19,2024-06-19 20:10:00,0,0,0
"339",2024-06-19,2024-06-19 20:20:00,0,0,0
"340",2024-06-19,2024-06-19 20:30:00,0,0,0
"341",2024-06-19,2024-06-19 20:40:00,0,0,0
"342",2024-06-19,2024-06-19 20:50:00,0,0,0
"343",2024-06-19,2024-06-19 21:00:00,0,0,0
"344",2024-06-19,2024-06-19 21:10:00,0,0,0
"345",2024-06-19,2024-06-19 21:20:00,0,0,0
"346",2024-06-19,2024-06-19 21:30:00,0,0,0
"347",2024-06-19,2024-06-19 21:40:00,0,0,0
"348",2024-06-19,2024-06-19 21:50:00,0,0,0
"349",2024-06-19,2024-06-19 22:00:00,0,0,0
"350",2024-06-19,2024-06-19 22:10:00,0,0,0
"351",2024-06-19,2024-06-19 22:20:00,0,0,0
"352",2024-06-19,2024-06-19 22:30:00,0,0,0
"353",2024-06-19,2024-06-19 22:40:00,0,0,0
"354",2024-06-19,2024-06-19 22:50:00,0,0,0
"355",2024-06-19,2024-06-19 23:00:00,0,0,0
"356",2024-06-19,2024-06-19 23:10:00,0,0,0
"357",2024-06-19,2024-06-19 23:20:00,0,0,0
"358",2024-06-19,2024-06-19 23:30:00,0,0,0
"359",2024-06-19,2024-06-19 23:40:00,0,0,0
"360",2024-06-19,2024-06-19 23:50:00,0,0,0
"361",2024-06-19,2024-06-20,0,0,0
"362",2024-06-20,2024-06-20 00:10:00,0,0,0
"363",2024-06-20,2024-06-20 00:20:00,0,0,0
"364",2024-06-20,2024-06-20 00:30:00,0,0,0
"365",2024-06-20,2024-06-20 00:40:00,0,0,0
"366",2024-06-20,2024-06-20 00:50:00,0,0,0
"367",2024-06-20,2024-06-20 01:00:00,0,0,0
"368",2024-06-20,2024-06-20 01:10:00,0,0,0
"369",2024-06-20,2024-06-20 01:20:00,0,0,0
"370",2024-06-20,2024-06-20 01:30:00,0,0,0
"371",2024-06-20,2024-06-20 01:40:00,0,0,0
"372",2024-06-20,2024-06-20 01:50:00,0,0,0
"373",2024-06-20,2024-06-20 02:00:00,0,0,0
"374",2024-06-20,2024-06-20 02:10:00,0,0,0
"375",2024-06-20,2024-06-20 02:20:00,0,0,0
"376",2024-06-20,2024-06-20 02:30:00,0,0,0
"377",2024-06-20,2024-06-20 02:40:00,0,0,0
"378",2024-06-20,2024-06-20 02:50:00,0,0,0
"379",2024-06-20,2024-06-20 03:00:00,0,0,0
"380",2024-06-20,2024-06-20 03:10:00,0,0,0
"381",2024-06-20,2024-06-20 03:20:00,0,0,0
"382",2024-06-20,2024-06-20 03:30:00,0,0,0
"383",2024-06-20,2024-06-20 03:40:00,0,0,0
"384",2024-06-20,2024-06-20 03:50:00,0,0,0
"385",2024-06-20,2024-06-20 04:00:00,0,0,0
"386",2024-06-20,2024-06-20 04:10:00,0,0,0
"387",2024-06-20,2024-06-20 04:20:00,0,0,0
"388",2024-06-20,2024-06-20 04:30:00,0,0,0
"389",2024-06-20,2024-06-20 04:40:00,0,0,0
"390",2024-06-20,2024-06-20 04:50:00,0,0,0
"391",2024-06-20,2024-06-20 05:00:00,0,0,0
"392",2024-06-20,2024-06-20 05:10:00,0,0,0
"393",2024-06-20,2024-06-20 05:20:00,0,0,0
"394",2024-06-20,2024-06-20 05:30:00,0,0,0
"395",2024-06-20,2024-06-20 05:40:00,0,0.2,0.4
"396",2024-06-20,2024-06-20 05:50:00,0.1,1.5,2.3
"397",2024-06-20,2024-06-20 06:00:00,0.5,2.7,4.4
"398",2024-06-20,2024-06-20 06:10:00,1.6,8,12.7
"399",2024-06-20,2024-06-20 06:20:00,2.6,13,21.6
"400",2024-06-20,2024-06-20 06:30:00,3.7,17.7,28.4
"401",2024-06-20,2024-06-20 06:40:00,6.9,33.3,52.8
"402",2024-06-20,2024-06-20 06:50:00,10.2,51,74.9
"403",2024-06-20,2024-06-20 07:00:00,24.3,121.3,184.9
"404",2024-06-20,2024-06-20 07:10:00,31.4,157.9,240.1
"405",2024-06-20,2024-06-20 07:20:00,38.9,197.3,278.4
"406",2024-06-20,2024-06-20 07:30:00,56.7,292.5,396.1
"407",2024-06-20,2024-06-20 07:40:00,68.3,330.3,445.9
"408",2024-06-20,2024-06-20 07:50:00,78.3,416.3,551.4
"409",2024-06-20,2024-06-20 08:00:00,86.2,471.1,615.3
"410",2024-06-20,2024-06-20 08:10:00,82.1,460.4,599
"411",2024-06-20,2024-06-20 08:20:00,101,551,713.1
"412",2024-06-20,2024-06-20 08:30:00,89.2,461.1,641.8
"413",2024-06-20,2024-06-20 08:40:00,108,596.8,834.1
"414",2024-06-20,2024-06-20 08:50:00,128.6,707.1,955.6
"415",2024-06-20,2024-06-20 09:00:00,138.9,723.6,982.4
"416",2024-06-20,2024-06-20 09:10:00,150.3,749.9,1028.8
"417",2024-06-20,2024-06-20 09:20:00,159.7,810.2,1111.1
"418",2024-06-20,2024-06-20 09:30:00,167.8,861.1,1185.5
"419",2024-06-20,2024-06-20 09:40:00,190.2,888.4,1205.4
"420",2024-06-20,2024-06-20 09:50:00,217.2,941.2,1235.5
"421",2024-06-20,2024-06-20 10:00:00,232.7,972.9,1296
"422",2024-06-20,2024-06-20 10:10:00,249.5,1020.3,1342.6
"423",2024-06-20,2024-06-20 10:20:00,245.6,1046.2,1394.2
"424",2024-06-20,2024-06-20 10:30:00,242.9,1074.5,1444.6
"425",2024-06-20,2024-06-20 10:40:00,255.7,1075,1460.4
"426",2024-06-20,2024-06-20 10:50:00,273.9,1163.1,1534.6
"427",2024-06-20,2024-06-20 11:00:00,285.7,1157.3,1567.7
"428",2024-06-20,2024-06-20 11:10:00,298.3,1207.3,1654.4
"429",2024-06-20,2024-06-20 11:20:00,254.3,1035,1438.5
"430",2024-06-20,2024-06-20 11:30:00,282.1,1188.6,1631.8
"431",2024-06-20,2024-06-20 11:40:00,308.9,1286.1,1772.4
"432",2024-06-20,2024-06-20 11:50:00,271.3,1122.2,1602.2
"433",2024-06-20,2024-06-20 12:00:00,289.5,1212.8,1729.7
"434",2024-06-20,2024-06-20 12:10:00,304.7,1252,1813.8
"435",2024-06-20,2024-06-20 12:20:00,274,1081.1,1613.6
"436",2024-06-20,2024-06-20 12:30:00,102.4,403.2,639.3
"437",2024-06-20,2024-06-20 12:40:00,249.7,934.5,1390
"438",2024-06-20,2024-06-20 12:50:00,251.9,989.2,1458
"439",2024-06-20,2024-06-20 13:00:00,293.6,1146.2,1696.8
"440",2024-06-20,2024-06-20 13:10:00,292.9,1048,1686.7
"441",2024-06-20,2024-06-20 13:20:00,283,1037.9,1664.2
"442",2024-06-20,2024-06-20 13:30:00,295,1005.6,1663.1
"443",2024-06-20,2024-06-20 13:40:00,294.5,1003.9,1651
"444",2024-06-20,2024-06-20 13:50:00,280.8,949.9,1634.4
"445",2024-06-20,2024-06-20 14:00:00,270,912.8,1623.4
"446",2024-06-20,2024-06-20 14:10:00,275.8,883,1581.6
"447",2024-06-20,2024-06-20 14:20:00,230.3,750.8,1379.1
"448",2024-06-20,2024-06-20 14:30:00,116.1,436.6,761.7
"449",2024-06-20,2024-06-20 14:40:00,113.8,419.9,794.6
"450",2024-06-20,2024-06-20 14:50:00,146.3,481.6,1060.6
"451",2024-06-20,2024-06-20 15:00:00,114.8,385.6,845.6
"452",2024-06-20,2024-06-20 15:10:00,141.9,408.7,1109.3
"453",2024-06-20,2024-06-20 15:20:00,109.5,329.3,909.1
"454",2024-06-20,2024-06-20 15:30:00,81.7,259.9,660.6
"455",2024-06-20,2024-06-20 15:40:00,122,276.5,911.1
"456",2024-06-20,2024-06-20 15:50:00,85.6,233,580.4
"457",2024-06-20,2024-06-20 16:00:00,68.5,198.1,457
"458",2024-06-20,2024-06-20 16:10:00,79.6,209.3,533.7
"459",2024-06-20,2024-06-20 16:20:00,112.4,285,710.8
"460",2024-06-20,2024-06-20 16:30:00,113.3,277,683.4
"461",2024-06-20,2024-06-20 16:40:00,126.6,242,748.9
"462",2024-06-20,2024-06-20 16:50:00,58.2,171.7,333.9
"463",2024-06-20,2024-06-20 17:00:00,42.8,152.1,238.9
"464",2024-06-20,2024-06-20 17:10:00,35.5,135.8,203.8
"465",2024-06-20,2024-06-20 17:20:00,39.7,143.3,222.7
"466",2024-06-20,2024-06-20 17:30:00,27.7,87,150.8
"467",2024-06-20,2024-06-20 17:40:00,34.4,93.8,186.5
"468",2024-06-20,2024-06-20 17:50:00,29.9,84.1,148
"469",2024-06-20,2024-06-20 18:00:00,26.3,85.3,143.6
"470",2024-06-20,2024-06-20 18:10:00,18.6,66.6,100.8
"471",2024-06-20,2024-06-20 18:20:00,15.8,58.2,87.1
"472",2024-06-20,2024-06-20 18:30:00,9,33.8,51.6
"473",2024-06-20,2024-06-20 18:40:00,4,16.1,22.7
"474",2024-06-20,2024-06-20 18:50:00,3.9,15.2,22.3
"475",2024-06-20,2024-06-20 19:00:00,2.3,9.3,13.1
"476",2024-06-20,2024-06-20 19:10:00,1.8,7.4,11.1
"477",2024-06-20,2024-06-20 19:20:00,0.9,3.7,5.7
"478",2024-06-20,2024-06-20 19:30:00,0.2,0.8,1.6
"479",2024-06-20,2024-06-20 19:40:00,0,0.1,0
"480",2024-06-20,2024-06-20 19:50:00,0,0,0
"481",2024-06-20,2024-06-20 20:00:00,0,0,0
"482",2024-06-20,2024-06-20 20:10:00,0,0,0
"483",2024-06-20,2024-06-20 20:20:00,0,0,0
"484",2024-06-20,2024-06-20 20:30:00,0,0,0
"485",2024-06-20,2024-06-20 20:40:00,0,0,0
"486",2024-06-20,2024-06-20 20:50:00,0,0,0
"487",2024-06-20,2024-06-20 21:00:00,0,0,0
"488",2024-06-20,2024-06-20 21:10:00,0,0,0
"489",2024-06-20,2024-06-20 21:20:00,0,0,0
"490",2024-06-20,2024-06-20 21:30:00,0,0,0
"491",2024-06-20,2024-06-20 21:40:00,0,0,0
"492",2024-06-20,2024-06-20 21:50:00,0,0,0
"493",2024-06-20,2024-06-20 22:00:00,0,0,0
"494",2024-06-20,2024-06-20 22:10:00,0,0,0
"495",2024-06-20,2024-06-20 22:20:00,0,0,0
"496",2024-06-20,2024-06-20 22:30:00,0,0,0
"497",2024-06-20,2024-06-20 22:40:00,0,0,0
"498",2024-06-20,2024-06-20 22:50:00,0,0,0
"499",2024-06-20,2024-06-20 23:00:00,0,0,0
"500",2024-06-20,2024-06-20 23:10:00,0,0,0
"501",2024-06-20,2024-06-20 23:20:00,0,0,0
"502",2024-06-20,2024-06-20 23:30:00,0,0,0
"503",2024-06-20,2024-06-20 23:40:00,0,0,0
"504",2024-06-20,2024-06-20 23:50:00,0,0,0
"505",2024-06-20,2024-06-21,0,0,0
"506",2024-06-21,2024-06-21 00:10:00,0,0,0
"507",2024-06-21,2024-06-21 00:20:00,0,0,0
"508",2024-06-21,2024-06-21 00:30:00,0,0,0
"509",2024-06-21,2024-06-21 00:40:00,0,0,0
"510",2024-06-21,2024-06-21 00:50:00,0,0,0
"511",2024-06-21,2024-06-21 01:00:00,0,0,0
"512",2024-06-21,2024-06-21 01:10:00,0,0,0
"513",2024-06-21,2024-06-21 01:20:00,0,0,0
"514",2024-06-21,2024-06-21 01:30:00,0,0,0
"515",2024-06-21,2024-06-21 01:40:00,0,0,0
"516",2024-06-21,2024-06-21 01:50:00,0,0,0
"517",2024-06-21,2024-06-21 02:00:00,0,0,0
"518",2024-06-21,2024-06-21 02:10:00,0,0,0
"519",2024-06-21,2024-06-21 02:20:00,0,0,0
"520",2024-06-21,2024-06-21 02:30:00,0,0,0
"521",2024-06-21,2024-06-21 02:40:00,0,0,0
"522",2024-06-21,2024-06-21 02:50:00,0,0,0
"523",2024-06-21,2024-06-21 03:00:00,0,0,0
"524",2024-06-21,2024-06-21 03:10:00,0,0,0
"525",2024-06-21,2024-06-21 03:20:00,0,0,0
"526",2024-06-21,2024-06-21 03:30:00,0,0,0
"527",2024-06-21,2024-06-21 03:40:00,0,0,0
"528",2024-06-21,2024-06-21 03:50:00,0,0,0
"529",2024-06-21,2024-06-21 04:00:00,0,0,0
"530",2024-06-21,2024-06-21 04:10:00,0,0,0
"531",2024-06-21,2024-06-21 04:20:00,0,0,0
"532",2024-06-21,2024-06-21 04:30:00,0,0,0
"533",2024-06-21,2024-06-21 04:40:00,0,0,0
"534",2024-06-21,2024-06-21 04:50:00,0,0,0
"535",2024-06-21,2024-06-21 05:00:00,0,0,0
"536",2024-06-21,2024-06-21 05:10:00,0,0,0
"537",2024-06-21,2024-06-21 05:20:00,0,0,0
"538",2024-06-21,2024-06-21 05:30:00,0,0,0
"539",2024-06-21,2024-06-21 05:40:00,0,0.4,0.7
"540",2024-06-21,2024-06-21 05:50:00,0.6,2.8,4.6
"541",2024-06-21,2024-06-21 06:00:00,2.2,8.1,12.8
"542",2024-06-21,2024-06-21 06:10:00,5.7,21.2,33.5
"543",2024-06-21,2024-06-21 06:20:00,11.2,39.9,65.4
"544",2024-06-21,2024-06-21 06:30:00,8.9,29.7,47.1
"545",2024-06-21,2024-06-21 06:40:00,13.6,46.9,74.8
"546",2024-06-21,2024-06-21 06:50:00,20.5,70.7,115.3
"547",2024-06-21,2024-06-21 07:00:00,21.6,74.3,119.5
"548",2024-06-21,2024-06-21 07:10:00,24.9,86.4,137.6
"549",2024-06-21,2024-06-21 07:20:00,40,154,223.9
"550",2024-06-21,2024-06-21 07:30:00,50.5,210.8,288.3
"551",2024-06-21,2024-06-21 07:40:00,60.4,261.2,358.5
"552",2024-06-21,2024-06-21 07:50:00,42.5,179.9,254
"553",2024-06-21,2024-06-21 08:00:00,57.2,229.7,332.9
"554",2024-06-21,2024-06-21 08:10:00,78.7,320.2,442.1
"555",2024-06-21,2024-06-21 08:20:00,87.5,356.3,498.4
"556",2024-06-21,2024-06-21 08:30:00,78.3,285.7,436.3
"557",2024-06-21,2024-06-21 08:40:00,112.9,436.5,603.7
"558",2024-06-21,2024-06-21 08:50:00,96.6,327.8,497.3
"559",2024-06-21,2024-06-21 09:00:00,103.8,349,517.5
"560",2024-06-21,2024-06-21 09:10:00,113.2,398.3,581.1
"561",2024-06-21,2024-06-21 09:20:00,188.8,728.2,991.5
"562",2024-06-21,2024-06-21 09:30:00,212.6,843.9,1098.2
"563",2024-06-21,2024-06-21 09:40:00,208.4,875.8,1142.5
"564",2024-06-21,2024-06-21 09:50:00,180.7,732.6,1034.6
